title,category
[국립대학육성사업]제5차 GNU-SDGs_ESG 재학생 아카데미 홍보 협조 요청새로운 글,일반
2025학년도 2학기 기말시험 안내,학사
「창업교육 혁신 선도대학(SCOUT)사업」2025전국 연합 창업동아리 성과공유회 프렌즈데이 홍보 협조 요청,일반
2025학년도 교육수요자 만족도 조사 설문 실시 안내 및 홍보 요청,일반
_2025년 외국인 유학생의 날 「하모니 페스티벌」홍보 협조 요청,일반
[국립대학육성사업] 2025학년도 학생 정책제안 공모전 실시 안내,학사
[국립대학육성사업] GNU-SDGs_ESG 서포터즈 '분리수GO!’ 운영 안내 및 홍보 요청,학사
2025 IoT GPT 크리에이티브 챌린지 프로그램 참가자 모집,학사
2026학년도 대학 셔틀버스 운행표 안내,학사
2025학년도 동계 계절학기 현장실습학기제 실습생 모집 협조,학사
학사 시스템 재난대응 모의훈련 및 정기점검에 따른 도서관 휴관 알림,학사
창업중심대학「BIZ 올인원(All-In-One) 캠프」안내 및 홍보 협조 요청,일반
[미래차 RISE사업] 2026학년도 미래차 설계해석 융합전공 모집 안내,학사
[RISE] 2025년 취업활동사례 수기 공모 안내 및 홍보 협조 요청,학사
2025학년도 동계계절학기 1차 폐강강좌 및 2차 수강정정(지도) 안내,학사
2025년 경상국립대학교 인권·성평등 공모전 기간 연장 안내,일반
[국립대학육성사업_자기계발프로그램]2025학년도 3차 GNU_The GeNiUs 캠프 운영 안내,일반
[국립대학육성사업]「2026학년도 1학기 개척학기제」신청자 모집 안내,일반
2025 학내구성원(대학(원)생) 장애인식개선교육 안내 협조 요청,일반
2025 버그바운티 부산 대회 참가자 모집 안내 및 홍보 협조 요청,일반
[국립대학육성사업]2025학년도 융·복합 ICT 활용 공모전 참여 협조 안내,일반
2025 경남 글로벌 혁신 페스타 참가 학생 모집 협조 요청,일반
2026학년도 USG공유대학2.0 스마트제ICT 융합전공 신입생 모집,일반
2026학년도 전과 시행 계획 안내,일반
2026학년도 신입생 정시 모집요강,일반
2025년 도서관 이용자 만족도 조사 참여 안내,일반
2025년「폭력예방교육」11월 이수현황 안내 및 이수 독려 협조 요청,일반
「2025 미래차 RISE사업 취업역량강화캠프」학생 참여 협조 요청,일반
2025학년도 재학생 동계방학 해외파견 영어연수 연수생 선발 공고,일반
「2025 경남 글로벌 혁신 페스타(G-Nex)」개최 안내 및 참석 협조,일반
2026학년도 USG공유대학2.0 융합전공 학생모집 홍보 요청,일반
[기업가정신센터]2025년 기업가정신 및 기업혁신 논문 공모전 홍보 협조 요청,일반
2026-2027 중국 정부초청 장학생 선발 안내,장학
[기업가정신센터]2025 글로컬 열린시민창업대학 명사특강 홍보,일반
2025년도 (재)경상국립대학교 춘추연구장학재단 장학생 선발 안내,장학
[국립대학육성사업_자기계발프로그램] 2025학년도 4차 GNU인성 프로그램 운영 안내,일반
[빅데이터혁신융합대학사업단] 배재대학교 2025학년도 겨울계절학기(신기술혁신융합대학사업단-실감미디어) 학점교류 수학 안내,학사
'25학년도 동계방학 특별개관 학생생활관칠암제2분관 관생 모집,일반
2025학년도 기초학력증진프로그램(GNU Grow N UP) 3차 운영 안내 및 홍보 협조 요청,일반
[국립대학육성사업]제4차 GNU-SDGs_ESG 재학생 아카데미 홍보 협조 요청,일반
가좌캠퍼스 정전(停電) 안내,일반
2026학년도 과학영재교육원 신입생 모집 안내,일반
「2025년 진주시 탄소중립 우리 함께 GO!GO!GO! 경진대회 및 숏폼 영상·슬로건 공모전」안내 및 홍보 협조 요청,일반
2025 동남권 대학생 창업 & 아이디어톤 경진대회 참가자 모집 안내 및 홍보 협조,일반
★ 비교과 역량강화프로그램-2025 국제게임전시회 지스타 현장체험 출발 안내★-신청 후 선발자에 한함,일반
2025학년도 2학기 역량활동장학금 신청 안내,장학
「The GeNiUs 학습법 특강(3차)」운영 안내,일반
[조선대] 2025학년도 동계 계절학기 교류수학 안내,일반
[경남대] 2025학년도 동계 계절학기 교류수학 안내,일반
2026학년도 1학기 학생설계전공 개발 공모 안내,일반
2025학년도 IT공과대학 취·창업 활성화를 위한 응시료 지원 신청서 제출 안내(2차),일반
[대학원혁신]2025년 경상국립대학교 대학(원)생 인권실태조사 참여 안내,일반
산업-사회 문제 해결을 위한 지역 사회 경험학습 공모전 홍보 협조 요청,일반
대학 공식 유튜브 채널 「Play GNU」 버스킹 공연 콘텐츠 참가자 모집 안내,일반
2025학년도 11월 졸업자격인증제(사회봉사ㆍ글로벌리더십) 인증신청 명단 제출 안내 [~11/24(월)까지],일반
2026학년도 1학기 1차 한국장학재단 주거안정장학금 신청 안내,장학
2025학년도 2학기 직원-조교 학생지도영역 학생상담 만족도 조사 재안내,일반
학생예비군 기본훈련 3차 및 이월 종합보충훈련 실시 안내,일반
[박물관] “돌과 흙에 깃든 사람살이” 특별전시 개막 알림,일반
2025년 GNU 인권문화페스티벌 행사 참석 안내,행사
현대오토에버 채용 우대 모빌리티 IT보안 교육과정(3기) 안내(기간 변경),취업
2025년 대한민국 AI교육 페스티벌(K-AEF) 행사 및 참가 사전등록 안내,행사
2025학년도 학생생활관 동계방학 특별개관 관생 모집 안내,일반
2025 GNU 개척리더스 창업아이디어 해커톤 경진대회 참가자 모집 안내 및 홍보 협조,일반
“2025 공학페스티벌(Explore & Experience)”참관자 모집,일반
[국립대학육성사업_기초학력증진프로그램]2025학년도 기초학력증진프로그램 (GNU Grow N Up) (2차) 모집 안내,일반
울산대학교 2025학년도 겨울 계절수업 교류수학 안내,일반
2025학년도 국가근로장학금「동계방학 집중근로(교외)」신청 안내,장학
대학홍보용 방송프로그램_KBS 캠퍼스 라바콘_ 제작에 따른 협조요청,일반
지역교육혁신센터 CI·학습플랫폼 명칭 공모전 연장 실시 안내 및 홍보 협조 요청,일반
[동국대학교 WISE캠퍼스] 2025학년도 겨울 계절학기 교류 수학 안내,일반
「빅데이터로 우리동네 문제해결 아이디어 공모대회」홍보 협조 요청,일반
[국립대학육성사업] Global Entrepreneurs Challenge[중국창업교육] 프로그램 참가자 모집 공고,일반
「지역균형성장과 대학 역할에 관한 동남권 포럼」개최 안내,일반
「2025 USG공유대학2.0 직무박람회」 개최 안내,일반
양자 기술 및 테스트베드의 이해 교육 홍보 협조 요청,일반
제11회 창의·융합 3D프린팅 아이디어 경진대회 개최 알림,일반
2026학년도 1학기 재입학 시행 계획 안내,일반
★ 비교과 역량강화프로그램-2025 국제게임전시회 지스타 현장체험 신청 안내 ★-마감,일반
2025 로보월드에 초대합니다.,일반
글로컬대학사업「해양레저·문화산책 아카데미」참여자 모집 및 홍보 협조 요청,학사
2026학년도 1학기 중국 파견 교환학생 추가 선발 공고,일반
[국립한국해양대] 2025학년도 겨울 계절학기 교류 수학 안내,일반
2026년도 관정재단 장학생 신청 안내,장학
2025년 경상국립대학교 인권·성평등 공모전 안내 및 홍보 협조 요청,일반
한국농어촌희망재단 「청년창업농 장학사업 설명회」 개최 안내,장학
[경찰청]2025 디지털 성범죄 근절 콘텐츠 공모전 참여 협조 요청,일반
2025년 대학생 취업인식도 설문조사 협조 요청(기한 연장),일반
2025학년도 2학기 외국인 유학생을 위한 진로·취업 올인원 특강 홍보 협조 요청,일반
2025년 2학기 외국인 유학생을 위한 남원시 문화체험행사 홍보 협조 요청,행사
[국립대학육성사업_자기계발프로그램]2025학년도 2차 GNU_The GeNiUs 캠프 운영 안내,일반
2025 겨울 GNU 영어캠프 보조교사 모집 안내 및 홍보 협조 요청,일반
경성대학교 2025학년도 동계 계절수업 교류 수학 안내,일반
2025년 (재)경상국립대학교 발전기금재단(목원장학기금_교직원 자녀) 장학금 신청 안내,장학
일자리 에너지 코어! 취업똑똑 수요데이 취업 특강(면접왕 이형) 안내,일반
2025학년도 동계 계절학기 운영 안내 및 교과목 개설 요청,일반
2025년 (재)경상국립대학교 발전기금재단(인동장학기금_정촌면 거주학생) 장학금 신청 안내,장학
[경북대] 2025학년도 겨울 계절수업 교류수학 안내,일반
[기업가정신센터]2025년 GNU 창업 스토리 공모전 홍보 협조 요청,일반
2025년도 한국지도자육성장학재단 장학생 선발 안내,장학
2025학년도 신입생 진로탐색검사 실시 안내,일반
[전남대] 2025학년도 동계 계절학기 교류수학 안내,일반
[제주대] 2025학년도 동기 계절수업 교류수학 안내,일반
2025년「폭력예방교육」10월 이수현황 안내 및 이수 독려 협조 요청,일반
2025학년도 GNU 교육과정 박람회 개최 안내,일반
[우주항공대학 글로컬대학사업] 2025학년도 1학기 우주항공방산융합학부 교육과정 이수식 및 우수 성과 발표회 홍보 협조 요청,학사
2025학년도 3차 경상국립대학교 핵심역량 진단 실시 안내,일반
[강원대] 2025학년도 겨울 계절수업 교류 수학 안내,일반
[부산대] 2025학년도 겨울 계절수업 교류 수학 안내,일반
[빅데이터혁신융합대학]첨단분야 빅데이터 컨소시엄 2025 빅데이터 융합 윈터스쿨 홍보 협조 요청,일반
2025학년도 제5차 외국어강좌 안내 및 홍보 협조 요청,일반
[기업가정신센터]「2025 정주영 창업경진대회 데모데이」참관 비교과 프로그램 참여자 모집 및 홍보 협조 요청,일반
[기업가정신센터]「2025 제20회 경남학생발명창의력대전」참여자 모집 및 홍보 협조 요청,일반
2025학년도 기초학력증진프로그램 운영 계획 안내,일반
[글로컬대학사업] GNU AI Pioneer 캠프 3차 운영 안내,학사
"도서관 홈페이지 동영상 강좌(공무원, 토익 등) 설문조사 실시 안내",일반
[국립부경대] 2025학년도 동계 계절수업 학점교류 수학 안내,일반
[국립대학육성사업]제3차 GNU-SDGs_ESG 재학생 아카데미 홍보 협조 요청,일반
2025 버그헌팅 실습훈련 초중급과정(온라인 교육) 홍보 협조 요청,일반
2025학년도 GADIST GP-해외과제발굴 프로그램 추가 모집 안내(4차),일반
2026학년도 전기 경상국립대학교 대학원 신입생 모집 홍보 요청,일반
[동국대 서울캠퍼스] 2025학년도 겨울계절학기 학점교류 수학 안내,일반
2025 GNU 개척리더스 창업서포터즈(3기) 프로그램 모집 안내 및 홍보 협조,일반
[충남대] 2025학년도 동기 계절학기 교류 수학 안내,일반
"[국립금오공과대] 2025학년도 동계 계절수업 수학 안내(구, 경남과기대)",일반
숙명여자대학교 2025학년도 겨울계절학기 학점교류 수학 안내,일반
[국립순천대] 2025학년도 동계 계절학기 교류수학 추천 안내(수정),일반
[동서대] 2025학년도 동계 계절학기 개설 안내,일반
「 비댁스 1DAY 아이디어톤 '아이디어 평가단' 모집 」,일반
2026년도 두산연강재단 장학생 선발 안내,장학
2025. 2학기 (재)남양육영재단 디딤돌장학생(자립준비청년) 선발 안내,장학
2025학년도 2학기 조우동장학회 장학금 신청 안내,장학
[국립대학육성사업] 2025학년도 2학기 융·복합 ICT역량강화 교육 특강 안내 및 홍보 협조 요청,일반
[기업가정신센터] 「2025 진주 K-기업가정신 국제포럼」 비교과 프로그램 참여자 모집 및 홍보 협조 요청,일반
★★ 소프트웨어 경진대회 및 전시회 개최 안내 ★★,일반
『2025학년도 PNU 성·인권 공모전』 개최에 따른 홍보 협조 요청,일반
[국립대학육성사업]제2회 도서관 옥탑 야외 행사 안내 및 홍보 협조 요청,행사
[전북대] 2025학년도 동기 계절수업 교류수학 추천 안내,일반
[국립창원대] 2025학년도 동기 계절수업 교류수학 추천 안내,일반
[국립대학육성사업] 2025학년도 2학기 개척학기제 중간보고서 평가 안내,일반
2025 제4회 경남권 사이버보안 경진대회 안내,일반
_「2025년 사천시 우주항공특화 일자리박람회」개최에 따른 참여자 모집 홍보 협조 요청,일반
2025학년도 서울대학교 동계 계절수업 교류수학 희망 학생 추천 안내,일반
FIX 2025 미래혁신기술박람회 홍보 및 참관 협조,일반
[충북대] 2025학년도 동기 계절수업 학점 교류 수학 안내,일반
[박물관] 2025년 박물관 자원봉사자(11월~12월) 모집 안내,일반
[국립대학육성사업] 2025학년도 GNU GP-해외봉사(동계) 모집 홍보 요청,일반
[빅데이터 혁신융합대학 사업단] 서울대학교 2025학년도 동계 계절수업 학점교류 안내 [~10/14(화)],일반
2026학년도 전기 대학원 신입생 모집 안내,일반
2026학년도 전기 경상국립대학교 스마트미래농업대학원 신입생 모집 안내,일반
2025학년도 2학기 중간 강의평가 안내,일반
2025학년도 All About GNU_ 전공소개 UCC 기획 공모전 운영 안내,일반
2025년 대학생 취업인식도 설문조사 협조 요청,일반
경상국립대학교 제77주년 개교기념식 안내,일반
[빅데이터혁신융합대학]2025 COSS-SCOUT 창업집중훈련 FLOW 경진대회 홍보 협조 요청,일반
지역교육혁신센터 CI·학습플랫폼 명칭 공모전 추진 안내,일반
2026학년도 1학기 중국 파견 교환학생 선발 공고,일반
[서울대학교 혁신융합대학사업] 2025학년도 동계 계절수업 교류수학 희망 학생 추천 안내,학사
[서울대학교 혁신융합대학사업] 2025학년도 서울대학교 동계 계절수업 교류수학 희망 학생 추천 안내,학사
2025 국민참여 청렴콘텐츠 공모전「국민투표」및 「표절제보」 안내,일반
「안전문화 공모전」연장 실시 안내 및 참여 요청,일반
2025년 경상국립대학교 미래차 RISE사업 소성가공 경진대회 참가 홍보 요청,일반
2025학년도 GADIST GP-해외과제발굴 프로그램 추가 모집 안내(3차),일반
학내 무선전산망(GNU-WLAN) 사용 안내,일반
2025년 진주시 미래세대 행복기금 장학생 선발 안내,장학
2025년 학생예비군 2차 기본훈련 안내,일반
칠암도서관 추석 및 연휴 기간 중 휴관 안내,일반
경상국립대학교 학생창업자 현황 및 창업지원 프로그램 개발을 위한 조사(2025년도 1차) 협조 요청,일반
[빅데이터 혁신융합대학 사업단] 2025 제조 빅데이터 분석 경진대회 홍보 협조 요청,일반
2025학년도 2학기 운영체제 수강자 리눅스 계정 사용자 명단 안내,학사
2025년 제4차 평생교육사 자격증 발급 신청 안내,일반
2026년 상반기 영어권 파견 교환 및 방문학생 선발 공고,일반
2025학년도 동계 GP-자율탐방(GPP) 실시 안내,일반
2025학년도 2학기 예비교원 대상 성인지 교육 실시 안내,일반
2026년 상반기 유럽(독일) 파견 교환학생 선발 공고,일반
2025학년도 2학기 외부시험 성적인정 신청 안내,일반
2026학년도 전기 외국인 학부 특별전형 안내,일반
2026년 상반기 일본 파견 교환학생 추가 선발 공고,일반
2025 글로벌 빅데이터·AI 교육 및 실무 체험 프로그램(베트남 FPT) 모집 홍보 협조 요청,일반
2025년 취업대상자 집중 취업필살기 프로그램 참여자 추천 안내,일반
경남RISE G-WEST 창업성장지원트랙 「2025 로컬소크라테스 BM 커머스랩」모집 협조 요청,일반
2025년 외국인 유학생을 위한 「한복문화체험 행사」홍보 협조 요청,행사
[블록체인 분야 개발/창업 공모전 홍보] 비댁스 1day 아이디어톤 참가자 모집,일반
"㈜아크로멧, 한미약품(주) 채용설명회 및 채용 추천 안내",취업
글로컬대학사업 설문조사 참여 요청,학사
(재안내)2025 서울특별시 빅데이터캠퍼스 공모전 홍보 요청(대학),일반
2025학년도 2학기 국제화장학금 신청 안내,장학
2025학년도 2학기 수강취소 신청 안내,학사
2025학년도 2학기 수강신청확인원 제출 안내,학사
RISE사업단 홍보 서포터즈 지원자 모집 안내,일반
2025년 기업·직무분석 경진대회 개최 및 사전교육 안내,일반
[기업가정신센터] 2025년 기업가정신 팸투어 참여자 모집 안내,일반
제28회 2025 국립창원대학교 전국 대학생 자율로봇경진대회 개최 및 모집 안내,일반
2025학년도 2학기 LG개척관 고시반 관생 추가 모집 안내(수정),일반
「2025 대학 연합 창업아이디어 발굴 콘(CORN)테스트」 모집 협조 요청,일반
[대학원혁신] 2025년 대동제 어울림_ 연구실＆강의실 인권+ 캠페인 개최 안내,일반
「국립대학육성사업」 2025년 문화유산 전문가 양성지원과정 교육생 모집 안내,일반
[미래차 RISE사업] 취업 연계 장학생 모집 설명회 개최 안내,장학
졸업예정자 대상 소프트웨어 기술자 신청 수수료 감면 안내,일반
2025학년도 2학기 미수강자 수강신청 지도 협조 요청,학사
［중소기업 연구인력 현장맞춤형 양성지원사업］사업설명회 홍보 및 참여 협조 요청,일반
졸업(예정)자 대상 소프트웨어 기술자 신청 수수료 감면 안내,일반
2025 “The Next AI” 인공지능 전시회 개최 안내,일반
[미래차 RISE사업] 취업 연계 장학생 모집 안내,장학
글로컬대학사업「해양레저·문화역사기행 프로그램」참여자 모집 및 홍보 협조 요청,학사
2025년 2학기 지역사회연계 건강생활실천 캠페인 안내,일반
2025년 하반기 생활체육(보디빌딩) 무료교실 참여 안내,일반
학내 인권침해 사건 발생 예방을 위한 인권센터 주요사항 안내,일반
2025학년도 GADIST GP-해외과제발굴 프로그램 추가 모집 변경 안내,일반
2026년 상반기 일본 교환학생 선발 공고,일반
2025학년도 2학기 교직이수자 대상 응급처치 및 심폐소생술 교육 안내,일반
중앙도서관 2학기 개강 이벤트 안내 및 홍보 협조 요청,일반
'2025 국방 AI 경진대회'에 초대합니다.(~9.21.(일)),일반
[경남RISE 4-3-1 유학생유치] 기초심폐소생술과정 2차 안내 및 홍보 협조 요청,일반
「2025년 경상남도 일자리 종합 박람회」개최에 따른 참여자 모집 안내,일반
「The GeNiUs 학습법 특강(2차)」운영 안내,일반
글로컬대학사업단 홍보부스 운영 안내 및 홍보 협조 요청,학사
일반대학원 입학 설명회 부스 운영 안내 및 홍보 요청,일반
[빅데이터혁신융합대학]숙명여자대학교 2025 빅데이터 캠퍼스 활용 아이디어 공모전 참가 및 홍보 협조 요청,일반
2025학년도 전기(`26.2.25.) 조기졸업 및 수료졸업 신청 안내,일반
2025년도 하반기 안전문화 캠페인 실시 및 참여 안내,일반
2025학년도 2학기 GNU 유학생 튜터링 프로그램 튜티 모집 안내,일반
2025학년도 2학기 IC-PBL 캡스톤디자인(종합설계)교과목 재료비 지원 안내,일반
[2-2-1 산학친화프로그램] 네이버와 함께하는 SME 퍼실리테이터 프로그램 참여자 모집 안내 및 홍보 협조,일반
2025학년도 2학기 신문방송사 학생 수습기자 모집 안내,일반
국립공원공단과 함께하는「진로·힐링 융합 꿈이룸 직무 캠프」참가자 모집 안내,일반
[미래차 RISE] (~9/26)2025학년도 2학기 캡스톤디자인 및 종합설계 팀 신청 자료 제출 안내,일반
[국립대학육성사업] 2025학년도 GNU Global Career 한국어 글쓰기 튜터링 신청 안내,일반
2025학년도 하반기 신입생 학생증 발급 절차 안내 협조,일반
[미래차 RISE사업] 2025년도 2학기「미래차 마이크로디그리」학생 모집 안내(4차),일반
「2025 탄소중립 경연대회」개최 및 홍보 안내,일반
희망도서(단행본 및 전자책) 구입 신청 안내,일반
박물관(칠암캠퍼스 진농관) 관람시간 변경 안내,일반
(국립대학육성사업)2025년 제5기 박물관대학 문화교육과정 수강생 모집 안내,학사
2025학년도 9월 졸업자격인증제(사회봉사ㆍ글로벌리더십) 인증신청 명단 제출 안내,일반
2025년 경남 대학 스포츠축제한마당 개최 변경 안내,일반
2025학년도 2학기 1차 폐강강좌 및 2차 수강정정(지도) 안내,학사
학생 공결 및 취업자출석인정 관련 주요사항 안내,일반
2025학년도 1학기 2차 폐강강좌 및 3차 수강정정(지도) 안내,학사
진로취업지원실(대학일자리플러스센터) 9월 진로취업 소식지 발송,일반
2025 자율주행 AI 챌린지 참여 독려 요청,일반
"★2차 수강정정 ★ 2025학년도 2학기 2차 수강정정 인원 조정 안내(부복수 전공,  편입생등 모두 포함)",학사
2025학년도 GNU 대학원생 인권서포터즈단 모집 안내,일반
2025학년도 2학기 중소기업 취업연계 장학사업(희망사다리Ⅰ유형) 신규장학생 신청 안내,장학
[국립대학육성사업]제2회 개척청년비전특강 안내 및 홍보 협조 요청,일반
2025학년도 2학기 외국인 신입생 오리엔테이션 안내,일반
2025학년도 2학기 장애학생 현황 제출 협조 요청,일반
2025 GNU 개척리더스 창업서포터즈(2기) 프로그램 모집 안내 및 홍보 협조,일반
[국립대학육성사업] 2025학년도 제23회 독서후기공모전 개최 안내,일반
[국립대학육성사업] 2025학년도 3차 GNU인성 프로그램 운영 안내,일반
2025학년도 2학기 중앙도서관 자료실 및 대출·반납 운영시간 변경 안내,일반
2025년「제1회 진주시 그린스텝 챌린지」참여 및 홍보 협조 요청,일반
2025학년도 2학기 도서관 구독 학술DB 교육 안내,일반
[창업진흥원] 2025 창업진흥원 정책 아이디어 공모전 개최 안내,일반
[글로컬대학사업]GNU AI Pioneer 온라인 특강 2차 운영 안내,학사
2025년도 2학기 국가장학금 2차 신청 재안내 및 적극 홍보 요청,장학
2025학년도 제4차 외국어강좌 안내 및 홍보 협조,일반
2025년 법정의무교육「장애인식개선교육」중간 실적 안내 및 이수 독려 협조 요청(실적 첨부),일반
2025년 경남지역 대학생 스포츠축제한마당 개최 안내 및 참가 협조 요청,일반
2025학년도 전기 졸업식 학위복 대여 공지,일반
2025학년도 2학기 복수(부)·연계·융합전공 추가 승인 명단 알림,일반
학위수여식 대비 가좌캠퍼스 연무방역 실시 안내,일반
2024학년도 후기 학위수여식 포토존 및 기념촬영 부스(인생네컷) 운영 안내,일반
“2025 Connected IoT Future Explore 프로그램”참가학생 모집,일반
2025학년도 GADIST GP-해외과제발굴 프로그램 추가 모집 안내,일반
2024학년도 후기(제75회) 학위수여식 행사 주차 협조 요청,행사
2025학년도 2학기 국가근로장학생 선발 관련 사전 안내,장학
2025학년도 2학기 국가근로(장애대학생봉사유형) 및 교육지원인력(구 도우미) 신청 안내,일반
학내 주요 서비스 일시 중단 안내,일반
2025년도 8월 졸업생 및 수료생 도서관 이용 안내,일반
[국립대학육성사업] 2025학년도 나만의 e-포트폴리오 기획 공모전 운영 안내,일반
☆2025학년도 IT공과대학 취·창업 동아리 활동지원금 중간 정산 실시 안내 [~9/1(월)],일반
「2025년도 로컬유니온 스타트업 캠퍼스 프로그램」 모집 협조 요청,일반
2025-2학기 경남 혈액원 헌혈 홍보 요청,일반
외국인 유학생 사증(비자) 체류기간 연장 서류 제출 안내,일반
「2025 전국 로켓피치 경진대회」홍보 협조 요청,일반
2024학년도 후기 학위수여식 참석여부 수요조사(8월 졸업대상자),일반
「2025학년도 GNU또래튜터링」모집 안내,일반
"★★[필독]2025학년도 2학기 1차 수강정정 관련(우선전공, 전과, 편입, 복수, 부전 모두 해당) 안내",학사
[글로컬대학사업] 생성형 AI 활용 역량 및 교육 수요조사 실시 안내,학사
경상국립대 출결·출입 시스템 작업에 따른 서비스 일시 중단 안내,일반
★[2학년]★ 리눅스시스템 증원 안내,일반
학생선수_선수출신 대학생 진로탐색 프로그램 2차 교육 모집 예정 안내 및 홍보 협조 요청,일반
★[2학년]★  컴퓨터구조 증원 안내,일반
[빅데이터 혁신융합대학 사업단] 2025 DATA VENTURE 문제해결 Challenge 안내 및 홍보 협조 요청,일반
[빅데이터 혁신융합대학 사업단]경기과학기술대학교 2025학년도 2학기 학점교류 안내,일반
[필독] 2025학년도 2학기 수강신청 관련 컴퓨터공학부 공지사항,학사
가좌캠퍼스 안전보행로 구축공사(2차) 시행 알림,일반
2025학년도 2학기 군 복무 중 학점인정 원격수업(군e러닝) 안내,일반
[박물관] 2025년 박물관 자원봉사자(9월~10월) 모집 안내,일반
2025학년도 2학기 국가근로장학금 2차 신청 안내,장학
2025학년도 2학기「GNU학습전략」교과목 수강 대상자 및 수강신청 학점 제한자 안내[대상자 별도 안내],학사
[창업지원단] 2025년도 실험실 창업탐색 혁신교육 프로그램 연구실 모집 연장 안내,일반
2025학년도 2학기 한국장학재단 주거안정장학금 2차 신청 안내,장학
2025년 제6회 호남사이버보안 컨퍼런스 웹 취약점 경진대회 안내,일반
2025년도 도서관 휴관 안내,일반
2024학년도 후기(제75호) 학위수여식 행사 개최 안내,행사
2025년 경남권 대학생 창업동아리 모집 기간 연장 안내,일반
2025학년도 2학기  GNU Buddy(유학생 도우미) 모집 안내,일반
2026-2027 스위스 정부초청 장학생 선발 안내,장학
2025학년도 2학기 근로장학금(멘토링장학금 포함) 지급시기 변경 안내,장학
[창업교육혁신센터] 2025학년도 1학기 DINO 창업장려금(장학금) 지원 대상자 모집 안내,장학
2025학년도 2학기 국가장학금 지원 단가 인상 안내 및 홍보 요청,장학
[미래차 RISE사업] 2025년도 2학기「미래차 마이크로디그리 및 미래차 설계해석 융합전공」학생 모집 안내(3차),일반
[창업교육혁신센터] 2025 경남CKL 콘텐츠 창작캠프 참가자 모집 안내 및 홍보 협조 요청,일반
[창업지원단] 2025년도 실험실 창업탐색 혁신교육 프로그램 연구실 모집 안내,일반
[창업교육혁신센터] GNU 창업교육 릴레이_ 온라인으로 함께하는 개척리더들의 여정 프로그램 참가자 모집 안내,일반
2025학년도 디지털배지 발급 수요조사 안내,일반
2025학년도 2학기 현장실습학기제 실습생 모집 협조 요청,일반
(2025학년도 여름방학특강 시즌2) AI시대 논문작성 안내,일반
[KISIA] 2025 정보보호 정책제안 공모전,일반
㈜에이엔에이치스트럭쳐 채용설명회(상담회) 및 채용 추천 안내,취업
2025년도 2학기 국가근로 신청자 희망근로지 신청 안내,일반
2024학년도 후기(2025.8.25.) 졸업사정 결과 확인 안내,일반
GNU 드림캐치 4단계 진로·취업 캠프 안내 및 홍보 협조 요청,일반
[창업지원단] 2025년 경남권 대학생 창업동아리 모집 안내,일반
[경남RISE 4-3-1 유학생 유치] 2025학년도 하계방학 외국인 유학생을 위한 폭력예방 법정의무교육 원데이 특강 실시 안내,일반
[창업중심대학] 2025년 동남권 『린스타트업 스쿨』 참여 및 홍보 요청,일반
2026학년도 국제화·개척도전·취업촉진 장학금 폐지 안내,장학
제28회 2025 국립창원대학교 전국 대학생 자율로봇경진대회 사전 모집 안내,일반
2025학년도 2학기 학부생 수강신청 안내,학사
2025학년도 USG공유대학2.0 융합전공 학생 3차 추가모집 홍보 요청,일반
2025학년도 2학기 재학생 교내 특별장학금 신청 안내,장학
수해복구 봉사활동 참가자 모집 안내,일반
2025학년도 2학기 경남대학교 교류 수학 안내,일반
2025학년도 제2학기 타 대학 학생의 국립한국해양대학교 수학 안내,일반
2025 경남 빅데이터위크 개최 홍보 요청,일반
「2025 서초 AI·로봇 공공서비스 공모전」홍보 협조 재요청,일반
[빅데이터 혁신융합대학 사업단]배재대학교 2025학년도 2학기 학점교류 안내,일반
[장학]2025년 2학기 푸른등대 기부장학금(생활비) 신규장학생 선발 안내,장학
[글로컬대학사업]2025학년도 학생주도 교양 교과목 기획 공모전 안내,학사
「The GeNiUs 학습법 특강(1차)」운영 안내,일반
★★ (연장) 학회 발표 목적 연구지도 프로그램 안내 및 참여자 모집 ★★,일반
'25학년도 후기(2차추가) 대학원 특별전형(외국인&재외국민) 신입생 모집 안내,일반
2025년 8월 GNU스포츠콤플렉스 프로그램 및 신규회원 모집 안내,일반
M-story 콘텐츠 공모전,일반
「2025 서초 AI·로봇 공공서비스 공모전」홍보 협조 요청,일반
[한국과학창의재단] 2025년 대한민국 SW교육 페스티벌 부스 운영 참여 안내,일반
AI·VR·AR 전문인력 양성교육 수강생 모집 [~7/31],학사
[미래차 RISE사업] 영어 비교과 프로그램 교육생 모집 안내,일반
2025학년도 2학기 재학생 등록금 분할납부(납부연기) 신청 안내,일반
2025년 귀뚜라미문화재단 인재육성 장학생 선발 안내,장학
2025학년도 2학기 조선대학교 교류 수학 안내,일반
2025학년도 2학기 재학생 등록금 납부 안내,일반
2025학년도 2학기 학생생활관(공실) 추가 모집 안내,일반
2025년 새만금 공공데이터 활용 경진대회 신청마감일 연장 안내,일반
★★ 학회 발표 목적 연구지도 프로그램 안내 및 참여자 모집 ★★,일반
2025학년도 2학기 국립부경대학교 교류 수학 안내,일반
2025학년도 2학기 (경상국립대학교)트랙제·마이크로디그리 교육과정 신청 안내,일반
「2025 사이버공격 방어대회」 개최 안내,일반
지역혁신중심 대학지원체계(RISE)의 경남지역 정착방안 설문조사 협조 요청,일반
"[빅데이터혁신융합대학사업단] 전남대학교‘2025 CO-SHOW 연계 AIM 챌린지’, ‘A.I.B 컨소시엄 2025 하계 비교과 프로그램’ 홍보 협조 요청",학사
2025학년도 2학기 재입학 추가 모집 시행 알림,일반
2025학년도 2학기 국립창원대학교 교류 수학 안내(구.경남과기대 포함),일반
2025학년도 2학기 경북대학교 수학 안내(학부 및 대학원),일반
[빅데이터 혁신융합대학 사업단]서울대학교 2025학년도 2학기 학점교류 안내,일반
[빅데이터 혁신융합대학 사업단]숙명여자대학교 2025학년도 2학기 학점교류 안내,일반
【국가거점국립대학교】 2025학년도 2학기 충북대학교 교류 수학 안내,일반
[미래차 RISE사업] 2025년도 2학기「미래차 마이크로디그리 및 미래차 설계해석 융합전공」학생 모집 안내(2차),일반
<기업연계 생성형 AI·데이터분석 8주 실무 부트캠프> 교육생 모집 홍보,일반
2025 GNU 개척리더스 창업서포터즈(1기) 프로그램 모집 안내 및 홍보 협조,일반
2025학년도 2학기 국립순천대학교 타 대학교 학생 교류 수학 안내,일반
[국립대학육성사업] 2025학년도 2차 GNU인성 프로그램 운영 안내,일반
2025학년도 2학기 부산대학교 교류 수학 안내(학부 및 대학원),일반
진주 국제 청소년 창의 개발 캠프 참여학생 추천 협조 요청,일반
2025학년도 제2학기 동국대학교(서울캠퍼스) 학점교류 수학 안내,일반
2025학년도 2학기 전남대학교 교류수학 안내(학부 및 대학원),일반
2024학년도 후기(`25.8월 졸업) 유예(수료 및 학사학위취득) 신청 안내,학사
2026학년도 신입생 수시 모집요강 배부 및 업무 협조 요청,일반
업무협약에 따른 재적생 정기 토익 응시료 할인 안내 및 홍보 협조,일반
2025학년도 USG공유대학2.0 융합전공 학생 2차 추가모집 홍보 요청,일반
2025학년도 2학기 강원대학교 교류 수학 안내,일반
2025학년도 제2학기 충남대학교 수학 안내(학부 및 대학원),일반
2025학년도 2학기 제주대학교 교류 수학 안내,일반
2025학년도 2학기 울산대학교 교류 수학 안내,일반
2025학년도 2학기 농촌출신대학(원)생 학자금 대출 시행계획 및 신청 안내,일반
2025학년도 졸업자격인증제 인증 신청 명단 제출 안내(8월 졸업생),일반
2025학년도 2학기 전북대학교 교류수학 안내(학부 및 대학원),일반
예술경영지원센터 KOPIS 빅데이터 공모전 홍보,일반
「2025년도 로컬리티 아이디어톤 & 경진대회」모집기간 연장 홍보 협조 요청,일반
2025 핵테온 세종(HackTheon Sejong) 사이버보안 콘퍼런스 개최 및 사전등록 안내,일반
2025-2026 불가리아 정부초청 장학생 선발 안내,장학
2026-2027 독일정부초청장학생(DAAD 장학생) 선발 안내,장학
2025학년도 제2학기 서울대학교 교류 수학 안내(학부 및 대학원),일반
2025년 새만금 공공데이터 활용 경진대회 행사 재안내,행사
2025학년도 학생 주도 비교과프로그램 기획 공모전 운영 안내,일반
진로취업지원실(대학일자리플러스센터) 여름방학 진로취업 소식지 발송,일반
2025년 COSS 차세대반도체 MCU 경진대회 홍보 및 협조 요청,일반
2025년「폭력예방교육」6월 이수 독려 협조 요청,일반
2025학년도 후기(추가) 대학원 신입생 모집 안내,일반
2025학년도 후기 대학원 편입생 모집 안내,일반
2025년 하반기 한미대학생연수(WEST) 참가자 모집 안내,일반
2025학년도 2학기 복수전공 및 부전공 신청 안내,일반
[우주항공대학] CSA 글로컬-프랑스어 하계 부트캠프(MD참여학과) 참가 학생 모집 안내,일반
국내 전자책 구독형 서비스 안내,일반
2025학년도 2학기 휴·복학 안내,일반
’25학년도 2학기 농림축산식품부「청년창업농」장학생 선발 안내,장학
[미래차 RISE사업] 2025년도 2학기 미래차 설계해석 융합전공 학생 모집 안내 [~6/27(금)까지],일반
[미래차 RISE사업] 2025년도 2학기 미래차 마이크로디그리 학생 모집 안내 [~6/27(금)],일반
"[빅데이터 혁신융합대학 사업단] 2025 하계 IBM AI 해커톤, 하계 빅데이터 코딩 경진대회 홍보 협조 요청",일반
'2025년 클라우드컴퓨팅 부트캠프 참가자 모집 공고' 홍보 협조 요청,일반
2025학년도 하계 방학 중 칠암도서관 운영시간 변경 안내,일반
2024학년도 후기('25. 8월 졸업) 학위수여식 행사일 안내,행사
2025학년도 하계계절학기 응급처치 및 심폐소생술 교육 인원 배정 및 유의사항 안내,일반
「2025 창업교육혁신선도대학(SCOUT)사업」2025 학생창업주간 참가 학생 모집 수정공고 협조,일반
2025년 제3차 평생교육사 자격증 발급 신청 안내,일반
2025 문화체험형 「모두가 함께 하는 직장내 장애인 인식개선 교육」참여 안내,일반
『2025학년도 제31기 하계 대학생 재능봉사 캠프』사업 멘토 모집,일반
2025년 7월~8월 박물관 자원봉사자 모집 안내,일반
★동남권(부울경) AWS 자격증 교육 및 취득비용 지원사업(~7/9(화))★,일반
숨겨진 외국계 기업 공략하기(실시간 온라인) 취업특강 안내,일반
「2025년도 로컬리티 아이디어톤 & 경진대회」홍보 협조 요청,일반
2025학년도 2학기 대학(원) 신입생 등록금 수납일정 안내,일반
경상국립대학교 해양과학대학 글로컬대학사업「RC(Residential Collge) 해양레저·인문교육 프로그램」운영 일정 연기 안내,학사
2025학년도 제1차 역량활동장학금 대상자 선발을 위한 공인외국어시험성적 신청 안내,장학
2025학년도 하계방학 중 중앙도서관 자료실 및 대출·반납 운영시간 변경 안내,일반
국립외교원 국민외교아카데미 제8기 대학생 외교 연수 과정 참가자 추천 요청,일반
2025년 동남권 정보보호 대학 동아리 지원 프로그램 운영 협조 요청,일반
「제12회 안전한 학교 공모전」개최 및 홍보 안내,일반
2025년 국립국어원 인공지능(AI)말평 경진대회 홍보,일반
2025학년도 제3차 외국어강좌 안내 및 홍보 협조,일반
2025년 하계방학 기간 도서 대출 확대 이벤트 안내,일반
2025년 동남권 SW 품질캠프 홍보 협조 요청,일반
「2025 창업교육혁신선도대학(SCOUT)사업」2025 학생창업주간 참가 학생 모집공고 협조,일반
[미래차 RISE사업] 2025년도 2학기 미래차 마이크로디그리 학생 모집 안내,일반
[미래차 RISE사업] 2025년도 2학기 미래차 설계해석 융합전공 학생 모집 안내,일반
[국립대학육성사업]「2025학년도 2학기 개척학기제」신청자 모집 안내,일반
[국립대학육성사업] 2025학년도 1학기 개척학기제 최종결과보고서 제출 및 평가 안내,일반
『CATIA 설계 초급과정』홍보 안내 및 참여 협조 요청,일반
GSITM 부트캠프 과정설명회,일반
2025학년도 후기 학·석사학위 및 학·석·박사학위통합 연계과정 모집 안내,일반
★[4학년]★ 2025년도 컴퓨터공학부(과) 졸업논문(실험실습) 결과보고서 제출 안내(전공종합설계 PBL II 수강학생 전체해당),학사
경상국립대학교 해양과학대학 글로컬대학사업「RC(Residential College)해양레저·인문교육 프로그램」참여자 모집 안내 및 홍보 협조 요청,학사
[국립대학육성사업] 제26기 개척독서클럽 모집 안내(학생),일반
「2025 대한민국 정원산업 박람회 IN 진주」안내 및 홍보 협조 요청,일반
"[국립대학육성사업]「2025학년도 2학기 개척학기제」 교수, 기업 등 과제 제안 공모",일반
[빅데이터 혁신융합대학 사업단] 수도권 생활이동 데이터 해커톤 홍보 협조 요청,일반
[IC-PBL센터] 2025학년도 1학기 캡스톤디자인 경진대회 홍보 협조 요청,일반
「장학생 추천서」전산시스템 발급 시행 안내,장학
‘25. 1학기 국가장학금 Ⅱ유형 선발기준 안내 및 (2순위) 경제사정 곤란자 신청 안내,장학
2025학년도 하계계절학기 예비교원 대상 응급처치 및 심폐소생술 교육 안내,일반
(2025학년도 여름방학특강)논문작성 All in one 안내,일반
[코드트리] 역량 강화 여름방학 온라인 코딩 캠프 안내,일반
「제14회 KNDA 학술논문상」공모 포스터 게시 협조 요청,일반
2025학년도 하계계절학기 2차 폐강강좌 안내,일반
2025학년도 2차 경상국립대학교 핵심역량 진단 실시 안내,일반
「2025 빅데이터 분석 실무 역량 강화 교육」 프로그램 참가학생 모집,일반
2025학년도 1학기 강의평가 안내,일반
2025학년도 1학년 전과 시행 계획 안내,일반
2025년 미래차 RISE 전공역량강화캠프 학생 모집 [~6/5(목) 네이버폼 선착순 50명],일반
2025년 국가근로장학사업 「하계방학 대체근로」신청 안내,장학
2025년도 국립대학육성사업 재학생 실태조사 설문 협조 요청,일반
2025학년도 USG공유대학2.0 융합전공 학생 추가모집 안내,일반
「2025학년도 2학기 진로탐색학점제」 신청자 모집,일반
글로컬대학 GNU-Learn Camp(학습캠프) 홍보 및 참여 협조 요청,일반
「2025 G-대학생 창업유망팀 스타트업 챌린지 300+ (1단계 기초교육)」홍보 협조 요청,일반
「국토안전관리원」2025년 지역공부방 프로그램 참여 대학생 모집 안내,일반
2025학년도 6월 졸업자격인증제 인증 신청 명단 제출 안내,일반
"[빅데이터혁신융합대학사업단] 2025학년도 한동대학교 하계 계절학기 교류수학 안내(UNLV,PURDUE 해외연구프로그램 연계)",학사
2025년 학생예비군훈련 안내 협조 요청,일반
2025학년도 울산대학교 여름 계절수업 학점 교류 수학 안내,일반
2025학년도 하계계절학기 1차 폐강강좌 및 2차 수강정정(지도) 안내,학사
「AI+스마트 IoT 농촌 솔루션랩」 프로그램 참가학생 모집,일반
[국립대학육성사업] 2025학년도 ICT교육 실습실 개방 안내 및 홍보 협조 요청,일반
2025학년도 2학기 재입학 시행 계획 안내,일반
2025학년도 학사일정 변경 안내,학사
2025학년도 여름계절학기 배재대학교 실감미디어 혁신융합대학사업단 교류수학 안내,학사
2025년도 2학기 국가장학금 1차 신청 안내 및 적극 홍보 요청,장학
2025학년도 2학기 국가근로장학금 1차 학생신청 기간 안내,장학
2025학년도 1학기 휴업일(공휴일) 휴강에 따른 수업일 변경 안내,일반
교육문화센터 식당 및 주방 리모델링 공사에 따른 대체 식당 운영 안내,일반
2025학년도 여름학기 배재대학교 실감미디어 혁신융합대학사업단 교류수학 안내,학사
2025학년도 하계 계절학기 현장실습학기제 실습생 모집 안내,일반
제17회 대학(원)생 논문공모전 홍보 협조 요청,일반
「2025년 GNU-SDGs_ESG 서포터즈」홍보 협조 요청,일반
우주항공의 날 특집 대담 _경남을 우주로_ 참가 홍보 요청,일반
2025년 박물관 명사 초청 특강 안내,일반
2025 IoT Invent-on 프로그램 참가팀 모집,일반
[국립대학육성사업]2025학년도 제22회 독서후기공모전 개최 안내,일반
[글로컬대학사업] 2025학년도 GNU AI Pioneer 캠프[중급과정] 프로그램 운영 안내,학사
대국민 서비스 앱「나의 건강기록 앱」이용 안내,일반
[정보통신진흥협회] <2025 제6회 부울경 ICT 아이디어 경진대회> 홍보（재공지）,일반
2025년「폭력예방교육」온라인 추가 개설 안내 및 이수 독려 협조 요청,일반
2025학년도 2학기 한국장학재단 주거안정장학금1차 신청 안내,장학
[대학원혁신사업]2025년 전자정보박람회 개최 안내,일반
[국립부경대학교] 2025학년도 하계 계절수업 학점교류 허가 및 학번 안내,일반
2025학년도 1차 GNU_The GeNiUs 캠프 운영안내,일반
2025학년도 The GeNiUs 서포터즈 운영 안내,일반
2025년 6월 GNU스포츠콤플렉스 프로그램 및 회원모집 안내,일반
2025년 진주 기후생태대학 참여 및 홍보 요청,일반
[빅데이터혁신융합대학사업단] 2025학년도 경상국립대학교 하계 계절학기 신청 안내(CO-WEEK Academy 연계),학사
제26회 대한볼링협회장배 전국볼링대회 개최 홍보 안내,일반
[국립대학육성사업] 2025학년도 1차 GNU인성 프로그램 운영 안내,일반
「2025학년도 GNU창의·융합동아리」모집 안내,일반
(RISE사업단)2025 하계 계절학기 학점교류용 이러닝(GeLC) 창업교과목 수강 안내 및 홍보 협조 요청,학사
글로벌 융복합 창업페스티벌 GSAT 2025 참관 학생 모집 공고 안내,일반
[학생생활관 칠암 제1분관] 2025학년도 하계방학 특별개관 관생 모집 안내,일반
2025년 오월제 대학(원)생 인권특강 안내 및 홍보 협조 요청,일반
2025년 (재)경상남도장학회 대학생 장학사업 연장 안내,장학
학내 주요 시스템 서비스 일시 중단에 따른 도서관 휴관알림,일반
2025학년도 학생생활관 하계방학 특별개관 관생 모집 안내,일반
2025년도 안전문화 캠페인 실시 및 참여 안내,일반
경상국립대학교 엠블럼 추가 제작 시안 선호도 조사 참여 요청,일반
[정보통신진흥협회] <2025 제6회 부울경 ICT 아이디어 경진대회> 홍보,일반
2025학년도 재학생 하계방학 해외파견 영어연수 연수생 선발 공고,일반
2025년 오월제 대학(원)생 성평등+ 캠페인 개최 알림,일반
[국립대학육성사업]제2회 도서관 야외책마당 행사 안내 및 홍보 협조 요청,행사
2025학년도 IT공과대학 취·창업 활성화를 위한 응시료 지원 계획 안내 [~6/20(금) 17:00],일반
[CJ올리브네트웍스]Cloud Wave 6기 모집안내,일반
2025년 찾아가는 자전거 점검수리 안내,일반
2025년도 국립대학육성사업 신입생 정신건강 전수조사 협조 요청(참여 현황),일반
"젠더기반 폭력(디지털성범죄, 교제폭력, 스토킹 등) 관련 무료법률상담 안내",일반
학내 주요 시스템 서비스 일시 중단 안내,일반
2025 여름 GNU 영어캠프 보조교사 모집 안내,일반
2025학년도 1학기 조우동장학회 장학금 신청 안내,장학
2025학년도 1학기 역량활동장학금 신청 안내,장학
2025학년도 동아리 대축제 기간 중 영산쇠머리대기 시연회 참여 협조,일반
2025년 세종학당 문화인턴 파견사업 참여 대학(원)생 선발 안내,취업
2025학년도 1학기 응급처치 및 심폐소생술 교육 계획 안내,일반
「미래 DX 생활가전 리빙 솔루션+ 프로젝트」 개최 안내 및 참가팀 모집,일반
[2025 학생창업유망팀 300+] 모집 안내 및 홍보 협조 요청,일반
"2025학년도 하계 계절학기 개설 교과목 알림 및 수강신청 일정 안내(경상국립대, 구.경남과기대)",학사
2025년 지역사회연계 건강생활실천 캠페인 안내,일반
(대학원혁신지원사업)2025년도 공작기계 운용 개별화 교육 프로그램 안내,일반
2025년 학교경영자배상 책임보험 계약체결 알림 및 청구절차 안내,일반
2025년 초중등 창업체험교육 대학생 서포터즈 3기 모집공고 협조요청,일반
2025학년도 국가근로장학금「하계방학 집중근로(교외)」신청 안내,장학
2025년 이공계 대학생 연구 경력 탐색 교육 안내,일반
2025학년도 경남 혈액원 헌혈 홍보 요청,일반
(런케이션)2025학년도 제주대학교 하기 계절수업 학점 교류 수학 안내,일반
2025학년도 경북대학교 여름계절수업 학점 교류 수학 안내(학부 및 대학원),일반
2025학년도 조선대학교 하계 계절학기 학점 교류 수학 안내,일반
2025학년도 전남대학교 하계 계절학기 학점 교류 수학 안내,일반
“제19회 학생포트폴리오 경진대회”개최 안내,일반
2025년 아이디어 실현화_사업화 MakeIt! 프로그램 참가자 모집,일반
2025-2026 이탈리아 정부초청 장학생 선발 안내,장학
2025학년도 국립한국해양대학교 여름계절학기 학점 교류 수학 안내,일반
2025년 2학기 중국(대만) 파견 교환학생 및 복수학사학위제생 선발 공고(추가),학사
[STP사업단] 과학기술정책 전문가 초청 특강 안내,일반
「2025년 편입생 성공 사례 공모」안내 및 홍보 협조 요청,일반
2025년 파란사다리(단기해외연수) 사업 참가자 모집 안내,일반
대학정보안내 AI 챗봇(지누) 시범서비스 실시 안내,일반
[숙명여자대학교 혁신융합대학사업] 2025학년도 하계 계절학기 숙명여자대학교 빅데이터 혁신융합대학 사업단 교류수학 안내,학사
[빅데이터 혁신융합대학 사업단] 제4회 영천시 공공데이터 활용 경진대회 홍보 협조 요청,일반
2025학년도 부산대학교 여름계절수업 학점 교류 수학 안내,일반
경상국립대학교 해양과학대학 글로컬대학사업 [대학교류 프로그램] 한려수도 역사의 바다 탐방 프로그램 참여 안내,학사
2025학년도 제2차 외국어강좌 안내 및 홍보 협조,일반
2025학년도 창업동아리 체험활동 홍보 협조 요청,일반
2025년도 국립부경대학교 하계 계절수업 학점 교류 수학 안내,일반
"★[4학년]★ 2025년도 컴퓨터공학부(과) 졸업논문(실험실습) 시행 계획_(구. 경상국립대 컴퓨터과학과 및 컴퓨터과학부 컴퓨터과학전공 및 컴퓨터소프트웨어전공, 컴퓨터공학과)",일반
2025학년도 국립순천대학교 하계 계절학기 학점 교류 수학 안내,일반
"2025학년도 충남대학교 하기 계절학기 학점 교류 수학 안내(구,경남과기대 포함)",일반
2025학년도 동국대학교 서울캠퍼스 여름계절학기 학점 교류 수학 안내,일반
2025학년도 국립창원대학교 하기 계절수업 학점 교류 수학 안내(구.경남과기대 포함),일반
2025학년도 전북대학교 하기 계절수업 학점 교류 수학 안내,일반
2025학년도 경성대학교 하계 계절수업 학점 교류 수학 안내,일반
대학 시각이미지(엠블럼) 추가 제작에 대한 설문조사 결과 안내,일반
2025학년도 강원대학교 여름 계절수업 학점 교류 수학 안내,일반
[필독] (~5/19(월))2025년도 1학기 연구활동종사자 안전교육 실시 요청,일반
「2025 창업교육혁신선도대학(SCOUT)사업」GSAT 2025 창업페스티벌 참가 동아리 모집공고 협조,일반
2025년 지구의 날 기념 기후변화주간 행사 안내 및 홍보 협조 요청,행사
[서울대학교 혁신융합대학사업] 2025학년도 하계 계절학기 서울대학교 빅데이터 혁신융합대학 사업단 교류수학 안내,학사
2025학년도 충북대학교 하기 계절수업 교류 수학 안내,일반
2025학년도 숙명여자대학교 여름계절수업 학점 교류 수학 안내,일반
2025학년도 동서대학교 하계 계절학기 학점 교류 수학 안내,일반
[글로컬대학사업] GNU AI Pioneer 캠프(초급과정) 프로그램 운영 안내,학사
삼성 청년SW·AI아카데미(SSAFY) 14기 모집 안내,일반
2025년 5월~6월 박물관 자원봉사자 모집 안내,일반
2025년도 국립대학육성사업 고위험군 선별 및 조기관리-신입생 정신건강 전수조사 협조 요청,일반
2025년도 푸른등대 삼성기부장학금 신규 장학생 선발 안내,장학
교직실무 교과목 수강 지도 철저 안내,학사
★2025학년도 1학기 미등록 재학생 추가 등록기간 안내 [4/15(화) 09:00~4/16(수) 16:00],일반
[국립대학육성사업] 2025학년도 1학기 개척학기제 중간보고서 평가 안내,일반
2025 창의충전소 참가학생 모집,일반
시설사업 현안업무관련 설문조사 실시 안내,일반
대학 시각이미지(엠블럼) 추가 제작에 대한 설문조사 참여 요청,일반
2025학년도 제1차 외국인 유학생 조기적응프로그램 신청 안내,일반
2025년 제2차 평생교육사 자격증 발급 신청 안내,일반
KBS진주 개국 제49주년 기념‘명사 초청 특강’학생 참가 홍보 요청,일반
「진주시 탄소중립·녹색성장 기본계획(안)」수립을 위한 시민공청회 개최 안내 및  _  참여 요청,일반
2025학년도 1차 경상국립대학교 핵심역량 진단 실시 안내,일반
제4회 융복합 데이터 활용 창업 경진대회 공모전 홍보 협조 요청,일반
KBS진주 개국 49주년 기념특강 홍보 및 참석 요청,일반
2025학년도 후기 대학원 신입생 모집 안내,일반
[현대차 정몽구 재단] 현대차 정몽구 스칼러십 2025 장학생 모집,장학
「2026년 지역인재 7급 수습직원 선발」대비 준비반 모집 안내,일반
2025년 2학기 중국(대만) 파견 교환학생 및 복수학사학위제생 선발 공고,학사
2025학년도 1학기 중간 강의평가 안내,일반
2025 웨어러블 AI 엣지 컴퓨팅 심화 프로젝트 참가학생 모집,일반
[국립대학육성사업] 2025학년도 GNU GP-해외봉사(하계) 모집 홍보 요청,일반
2025 경남국제개발협력센터 KOICA WFK 해외봉사단 1차 설명회 홍보 협조 요청,일반
고용노동부「미래내일 일경험 사업(ESG형) 리모트 인턴십 6기」모집 안내,취업
2025학년도 GNU취업동아리 추가 모집 안내,일반
2025학년도 1학기 중소기업 취업연계 장학사업(희망사다리Ⅰ유형) 신규장학생 신청 기간 연장 안내,장학
체육진흥원 수영지도자 양성반 프로그램 개강 홍보 협조 요청,일반
2025학년도 2학기 학생설계전공 개발 공모 안내,일반
2025년 GNU ICEE 창의융합 공학동아리 프로그램 참가팀 모집,일반
2025년 GNU ICEE 창의도전형 설계기반 아이디어 경진대회 참가팀 모집,일반
우주항공대학 2025 ‘CSA개인기초연구사업’ 참여학생 모집,일반
글로컬대학사업단 홈페이지 신설에 따른 홍보 협조 요청,학사
2025년 하반기 유럽 및 아시아권 파견 교환학생 선발 공고(변경),일반
2025년도 연구실 안전관리 계획 알림,일반
2025학년도 1학기 외부시험 성적인정 신청 안내,일반
[글로컬대학사업]AI 파워 학습자 되기(초급 신입생) 프로그램 운영 안내,학사
제10기 경남 우리말 가꿈이 모집 홍보 협조 요청,일반
「촉석루 국가지정문화유산 환원촉구 서명운동」 협조 요청,일반
2025학년도 1학기 수강취소 신청 안내,학사
2025학년도 1학기 수강신청확인원 제출 안내,학사
2025학년도 제2기 GNU 인권서포터즈단 모집 안내,일반
2025년 하반기 유럽 및 아시아권 파견 교환학생 선발 공고,일반
2025학년도 1학기 LG개척관 고시반 관생 모집 홍보 안내,일반
2025학년도 1학기 국제화장학금 신청 안내,장학
해양수산부 실무형 해상물류 일자리 지원 제2차 사업 공모 안내,일반
졸업자격인증제 신청 및 이수 안내(구.경남과기대 포함),일반
2025학년도 하계 GP-자율탐방(GPP) 실시 안내,일반
2025학년도 GNU취업동아리 모집 안내,일반
「제2기 지역민과 함께하는 출판프로젝트」 안내 및 홍보 협조 요청,일반
「세계 지방정부 기후총회」행사 참여 안내,행사
MBC경남 이우환 대표이사 초청강연회 안내,일반
[KETI] AI 연구용 컴퓨팅 지원 프로젝트 사업설명회 개최 및 참석 안내,일반
2025 경상국립대학교 창업중심대학 창업기업 모집 홍보 및 설명회 참석 요청,일반
2025학년도 IT공과대학 취·창업 활성화를 위한 동아리 지원 신청기간 연장 안내,일반
GNU-SDGs 세계 물의 날 플로깅 봉사자 모집 안내,일반
[빅데이터 혁신융합대학 사업단] 2025학년도 1학기 빅데이터분야 마이크로디그리 학생 모집 홍보 협조 요청,일반
글로컬대학사업 홍보서포터즈 모집 안내,학사
[KAIT] 2025년 AI 연구개발을 위한 고성능컴퓨팅(GPU/NPU) 지원 모집 안내,일반
2025학년도 1학기 IC-PBL 캡스톤디자인(종합설계)교과목 재료비 지원 안내,일반
2025학년도 빅데이터 해외 연구 프로그램 참가 학생 모집 홍보 협조 요청,일반
2025학년도 1학기 국립대학육성사업 융·복합 ICT역량강화 특강 안내 및 홍보 협조 요청,일반
2025학년도 1학기 USG공유대학 운영체제이해 수강자 리눅스 계정 안내,학사
2025학년도 1학기 미리캔버스 사용 신청 안내,일반
(종료)2024학년도 2학기 미리캔버스 사용자 계정 삭제 안내,일반
(대학원혁신지원사업)2025년 3D모델링&3D프린팅 기본1차교육프로그램 안내,일반
REPS[삼성전자 로보틱스 인재양성 프로그램] 모집 설명회 안내문 게재 요청,일반
2025학년도 1학기 신문방송사 학생 수습기자 모집 홍보 요청,일반
환경부 「탄소중립 서포터즈 5기」 모집 홍보 협조 요청,일반
장학금 지급을 위한 통합학사지원시스템(MY서비스) 학생 계좌번호 입력 안내,장학
2025년 인권센터 주요 안내 사항,일반
[체육진흥원] 2025학년도 1학기 자체근로장학생 모집 안내 및 홍보 요청,장학
2025년 1학기 국가장학금 신청자 가구원 동의 독려 협조요청,장학
2025학년도 1학기 예비교원 대상 성인지 교육(교육시간 변경)안내,일반
졸업자격인증제 「선택(개척인증제)_진로탐색」 신청 및 이수 안내,일반
2024학년도 후기(`25.8.25.) 수료졸업 및 조기졸업 신청 안내,일반
재학생 맞춤 고용서비스 사업 안내 및 대학일자리플러스센터 3월 소식지,일반
2025학년도 1학기 중소기업 취업연계 장학사업(희망사다리Ⅰ유형) 신규장학생 신청 안내,장학
2025학년도 15기 GNU봉사단원 모집 안내,일반
★2025-학기 수강신청 관련 8월 졸업예정자 및 '26년 2월 졸업예정자 중 필수수강 교과목  수요조사★,학사
2025년 봄학기 우주항공청 우주항공정책 전문가 초청 특강 안내,일반
2025학년도 ICT 교육을 위한 수요조사 안내 및 협조 요청,일반
2025학년도 1학기 외국인 유학생 한국어 집중교육과정 수강생 모집 안내,학사
2025학년도 3월 졸업자격인증제 인증 신청 명단 제출 안내,일반
2025학년도 1학기 1차 폐강강좌 및 2차 수강정정(지도) 안내,학사
2025학년도「대학생 청소년교육지원장학사업」 멘토 모집 안내,장학
2025학년도 학기별 대출서비스 행사 안내,행사
2025학년도 IT공과대학 취·창업 활성화를 위한 동아리 지원 계획 안내,일반
2025학년도 상호대차·원문 복사 비용 지원 안내,일반
2025학년도 1학기 고졸 후학습자 장학사업(희망사다리 Ⅱ유형) 신규장학생 신청 안내,장학
2025학년도 동영상 도서관 이용교육 개설 안내 및 홍보 협조 요청,일반
「2025학년도 다문화·탈북학생 멘토링장학금」멘토 모집 안내,장학
군 복무 중 학점취득(인정)에 관한 안내,일반
2025학년도 상반기 신입생(대학원생 포함) 학생증 발급 절차 안내 협조,일반
★신(편)입생 학번 조회 및 학적변동 안내 ★,일반
교양학관 시설물(강의실) 대여 신청 안내,일반
★★2025학년도 1학기 수강인원 증원 예정 안내-3/4(화),학사
2025학년도 1학기 외국인 신입생 오리엔테이션 안내,일반
2025학년도 _천원의 아침밥_ 사업 시행 홍보 요청,일반
2025. 1학기 (재)남양육영재단 디딤돌장학생(자립준비청년) 선발 안내,장학
2025학년도 1학기 장애학생 현황 제출 협조 요청,일반
2025학년도 1학기 국가근로(장애대학생봉사유형) 및 교육지원인력(구 도우미) 신청 안내,일반
2025학년도 제1차 외국어강좌 안내 및 홍보 협조,일반
2025학년도 도서관 이용교육 행사 안내 및 홍보 협조 요청,행사
도서관 출입 및 모바일 이용증(클리커) 이용 방법 안내,일반
외국인 유학생 사증 체류기간 연장 서류 제출 안내,일반
2025학년도 신입생(정시전형) 핵심교양 영어 교과목 수준별 등급 안내,일반
★[필독!!]★  수강신청 수강인원 증원안내,학사
2025학년도 1학기 휴업일(공휴일) 휴강에 따른 수업일 안내,일반
2025학년도 신입생 추가모집 공고 안내,일반
도서관 그룹 스터디룸 이용 안내,일반
2025학년도 제1학기(추가) 학생생활관칠암제2분관 관생 모집(상시),일반
2025년 졸업식 학위복 대여 공지,일반
2024학년도 전기(제75회) 학위수여식 행사 주차 협조 요청,행사
[필독] ★2학년 수강신청에 대한 증원안내★(시간변경),학사
2024학년도 전기(제75회) IT공과대학 학위수여식 행사계획 안내,행사
★☆[[신입생]] 2025학년도 1학기 신입생 수강신청 안내-IT공과대학 컴퓨터공학부,학사
LINC 3.0 탄소중립 ICC 캡스톤디자인 경진대회 시행 안내,일반
[필독] ★3학년 수강신청에 대한 증원안내★,학사
"현장실습학기제 실습학생 모집 [~2/18(화)-3,4학년 지원 가능(서울소재)]",일반
(신규사업) 2025학년도 한국장학재단 주거안정장학금(기초·차상위 대상) 신청 안내,장학
★4학년 수강신청에 대한 증원안내★,학사
2025학년도 공유대학 2.0 융합전공 학생선발 모집 안내(구. USG공유대학),일반
2025년 3월 박물관 자원봉사자 모집 안내,일반
2024년 지속가능발전센터 성과공유회 개최 안내,일반
2025년 상반기 한미대학생연수(WEST) 참가자 모집 안내,일반
"[2025학년도 편입생] 2025학년도 컴퓨터과학부 컴퓨터과학전공, 컴퓨터소프트웨어전공 편입생 관련 기타 안내 및 학점인정을 위한 성적증명서 1차(메일제출) 제출안내",일반
★신입생 및 편입생★ 오픈채팅방 주소 안내,일반
2025학년도 공유대학 2.0 융합전공(복수전공) 학생 모집 안내,일반
2025년 국가무형유산「영산쇠머리대기 공개 행사」자원봉사자 모집 협조 요청,행사
[빅데이터 혁신융합대학] 경기과학기술대학교 2025학년도 1학기 학점교류 안내,일반
2025학년도 1학기 군 복무 중 학점인정 원격수업(군e러닝) 안내,일반
[필독] 2025학년도 1학기 수강신청 관련 컴퓨터공학과 공지사항,학사
2025학년도 1학기 GNU Buddy(유학생 도우미) 모집 안내,일반
"2025학년도 학생생활관(가좌) 관생[학부신입생(수시·정시, 편입)]모집 안내 협조 요청",일반
2025년 ASEM DUO 벨기에 왈로니아-브뤼쉘 장학사업 지원 요강 안내,장학
학생생활관칠암제1분관 2025학년도 신입생(대학원 포함) 및 편입생 모집 안내 협조 요청,일반
2025학년도 1학기 경상국립대학교 학부생 수강신청 안내,학사
2024학년도 전기(제75회) 학위수여식 행사 개최 안내,행사
VR전문인력 양성 교육과정 신청안내 [교육기간: 2/12(수)~],일반
국방대학교 2025년 전반학기 학점교류 신청 안내(학부 및 대학원),일반
사회 초년생 대상 전세 사기 등 부동산거래사고 예방을 위한 홍보 협조 요청,일반
[글로컬대학사업]『2024학년도 경남지역 공동교양교육 개발을 위한 교육수요 조사』협조 요청,학사
졸업생 도서관 이용 안내,일반
2025년도 1학기 국가근로 신청자 희망근로지 신청 안내,일반
"해외 클라우드 전문가 초청 세미나(2025.02.11(화) 오전 10시, 온라인 Zoom 개최)",일반
2025년 하반기 일본 교환학생 선발 공고(접수기간 연장),일반
[국립대학육성사업]2025학년도 비교과프로그램 사전 수요조사 참여 협조 안내,일반
[평생교육원] 2025년도 1학기 평생교육강좌 모집 안내,일반
학생생활관 칠암제1분관 2025학년도 재학생 2차 모집 안내 협조 요청,일반
2025학년도 신(편)입생 오리엔테이션 실시 안내 및 협조 요청,일반
2024학년도 전기(2025.2.25.) 졸업사정 결과 확인 안내,일반
2025 한국무라타전자 아이디어 공모전(~02.19),일반
2025학년도 1학기 재학생 등록금 납부 안내,일반
2025학년도 1학기 재학생 등록금 분할납부(납부연기) 신청 안내,일반
2025학년도 1학기 배재대학교 실감미디어 혁신융합대학사업단 교류수학 안내,학사
(2024학년도 겨울방학)대학원생을 위한 영어논문작성법 특강 일정 변경 안내,일반
[빅데이터 혁신융합대학사업단] 2025학년도 1학기 숙명여자대학교 학점 교류 안내,학사
[항공드론혁신융합대학사업단] 2025학년도 1학기 항공드론 융합전공 모집 홍보 협조 요청,학사
2025년 사천시시설관리공단 SNS 서포터즈 모집 공고 안내,일반
2025년 ㈜삼현 채용연계형 인턴십 지원자 모집 안내 및 홍보 요청,취업
★[제2회 연구성과대회]  수상자 서류 제출 안내 ★,일반
2024년 국립대학육성사업 GNUD 수기·영상 콘텐츠 공모전 개최 안내,일반
[제2회 연구성과대회] 평가표 공개 및 평가점수 확인/문의,일반
2025학년도 1학기 전남대학교 교류수학 기간연장 안내(학부 및 대학원),일반
2025학년도 1학기 국립부경대학교 교류 수학 안내,일반
[빅데이터 혁신융합대학 사업단] 제3회 빅데이터 산업트렌드 콘퍼런스 홍보 협조 요청,일반
2025년 1학기 HD현대미포 현장실습학기제 학생 선발 안내,일반
2025학년도 1학기 조선대학교 교류 수학 안내,일반
[국립대학육성사업]2024학년도 The GeNiUs 학습법 특강 운영 안내,일반
2025년 제1차 평생교육사 자격증 발급 신청 안내,일반
편입학 충원율 제고를 위한 설문조사 참여자 기프티콘 지급 안내,일반
2025학년도 1학기 부산대학교 교류 수학 안내(학부 및 대학원),일반
2025학년도 1학기 강원대학교 교류수학 일정 변경 안내,일반
2025학년도 1학기 (경상국립대학교)트랙제·마이크로디그리 교육과정 신청 안내,일반
2025학년도 1학기 대학(원) 신입생 등록금 수납일정 안내,일반
2025학년도 1학기 재학생 교내 특별장학금 신청 안내,장학
2024학년도 동계 계절학기 강의평가 실시 안내,일반
2025학년도 1학기 경북대학교 교류수학 안내(학부 및 대학원),일반
2025학년도 1학기 강원대학교 교류 수학 안내,일반
2025학년도 1학기 전북대학교 교류 수학 안내,일반
2025학년도 1학기 충남대학교 교류 수학 안내(학부 및 대학원),일반
2025학년도 1학기 전남대학교 교류 수학 안내(학부 및 대학원),일반
2025학년도 1학기 국립창원대학교 교류 수학 안내,일반
2025학년도 1학기 제주대학교 교류 수학 안내,일반
2025학년도 1학기 울산대학교 교류 수학 안내,일반
2025학년도 1학기 동국대학교(서울캠퍼스) 교류 수학 안내,일반
2025학년도 1학기 충북대학교 교류 수학 안내,일반
2025학년도 1학기 농촌출신대학생 학자금대출 시행계획 및 신청 안내,일반
"「국립대학육성사업」 새해맞이 문화행사 “스르르, 복(福) 감아보자” 홍보 및 참여 요청",행사
대입전형 개선을 위한 입학전형 영향평가 설문조사 실시 협조,일반
국립창원대 5차년도 인재양성이노베이션센터 스마트제조교육(창작드론과정) 학생 모집안내,일반
[서울대학교 혁신융합대학사업] 2025학년도 서울대학교 1학기 교류수학 안내,학사
첨단분야 연구인력 현장맞춤형 양성지원사업 연구인력 모집,일반
「2025년 전국 지역인재 7급 수습직원 선발시험」 학교장(총장) 추천 대상자 선발 안내,일반
2024년 인권보호주간 인권관련 도서감상평 공모전(접수기간 연장),일반
「2025년 전국 지역인재 7급 수습직원 선발시험」 대비 PSAT 모의고사 신청 안내,일반
[빅데이터 혁신융합대학 사업단] 2024년 동계 IBM 해커톤,일반
2025년 상반기 생활체육(보디빌딩) 무료교실 참여 안내,일반
2025년 1학기 푸른등대 기부장학금(생활비) 신규장학생 선발 안내,장학
2024년도 (재)경상국립대학교 춘추연구장학재단 장학생 선발 안내,장학
2025학년도 1학기 서울대학교 교류 수학 안내(학부 및 대학원),일반
2025학년도 학사일정 안내,학사
2024년도 (재)백엽장학재단 백엽장학생 선발 안내,장학
2024학년도 2학기 성적처리 학생 성적확인(정정) 기간 변경 안내,일반
2025학년도 전기(추가) 대학원 일반전형 신입생 모집 안내,일반
2025학년도 전기 학·석사학위 및 학·석·박사학위통합 연계과정 모집 안내,일반
졸업자격인증제 실적 이관에 따른 졸업자격인증시스템 일시 중단 안내,일반
2025학년도 교직과정 이수예정자 선발 안내,일반
2024학년도 동계 방학 중 칠암도서관 운영시간 변경 안내,일반
2024학년도 IT공과대학 취·창업 활성화를 위한 응시료 지원 신청서 제출 안내(3차),일반
’25학년도 1학기 농림축산식품부「청년창업농」장학생 선발 안내,장학
[글로컬대학사업]2024학년도 학생주도 교양 교과목 기획 공모전 참여 협조 안내,학사
[빅데이터 혁신융합대학] 2024학년도 경기과학기술대학교 동계 계절학기 학점교류 안내,일반
한국기초과학지원연구원 2025년 연구장비분야 전문인력양성과정 교육생 모집 안내,일반
경남대학교 스마트제조ICT사업단 2024 NHN 아카데미 동계 중급실무과정 추가모집 홍보 협조 요청,일반
[우주항공기술경영학과] 2024학년도 동계 비교과 프로그램 안내 및 홍보 협조 요청,일반
우주항공 및 경남전략특화산업 온라인 직무자격증 취득과정 참여·홍보 협조요청,일반
[빅데이터 혁신융합대학 사업단] 서울시립대학교 2024학년도 빅데이터 미래산업 트랜드 기업연계세미나 홍보 협조 요청,일반
강의평가 문항 적합도 조사 실시 안내,일반
2025학년도 1학기 복수전공 및 부전공 신청 안내,일반
2025학년도 1학기 휴·복학 안내,일반
[빅데이터 혁신융합대학 사업단] 동계방학 빅데이터 Tableau Workshop 프로그램 홍보 협조 요청,일반
[법정의무교육]2024년 대학(원)생 폭력예방교육 이수 안내,일반
2024학년도 CS인의 밤 행사 안내,행사
[글로컬대학사업]AI 활용 비교과 1차 워크숍 운영 안내,학사
2024학년도 동계방학 중 중앙도서관 자료실 및 대출·반납 운영시간 변경 안내,일반
2024학년도 동계방학 기간 「USG 메타버스 체험관」 운영시간 안내,일반
2024년 인권보호주간 인권관련 도서감상평 공모전 홍보 협조 요청,일반
동계방학 기간「USG공유대학 학생라운지」운영시간 단축 안내,일반
2024학년도 제2차 역량활동장학금 대상자 선발을 위한 공인외국어시험성적 신청 안내,장학
2025년 1월 박물관 자원봉사자 모집 안내,일반
국립창원대 2024학년도 USG공유대학 스마트제조엔지니어링사업단 해외 리더십 역량 강화 동계 연수 모집 안내,일반
2025년도 1학기 국가장학금 1차 신청 재안내 및 적극 홍보 요청,장학
스마트공동체사업단 「동계 지역연계형 직무체험 프로그램」 참여학생 모집 안내,일반
★ 제1회 컴퓨터공학과 연구성과 경진대회(2차) SW 경진대회(전시회) 수상자 서류 제출 안내 ★,일반
2024학년도 CS인의 밤 1차 참가자 모집,일반
2024학년도「5차 GNU_The GeNiUs 캠프(합숙형)」교육생 모집 안내,일반
[대학원혁신사업] 2024년 대학(원)생 인권특강 3차 실시 안내(장소 변경),일반
2025학년도 학생생활관 관생(재학생)모집 안내 협조 요청,일반
2024학년도 2기 조우동장학회 장학금 신청 안내,장학
2024학년도 제6차 외국어강좌 안내 및 홍보 협조,일반
[국립대학육성사업]2024 GNU-SDGs 공모전 홍보 협조 요청,일반
USG공유대학 제3기 지역민 대상 온라인 공개 교육프로그램 홍보부스 운영 안내,일반
[LINC 3.0 사업단] 2024학년도 교내 2학기 캡스톤디자인 경진대회 참가자 모집 안내 및 홍보 요청,일반
"[코드잇] 2024 K-Digital Credit 안내 (1인 50만원, 100% 정부지원, 코딩 교육)",일반
LG AI 연구원_LG Aimers 6기 모집 공고★,일반
국립창원대 5차년도 인재양성이노베이션센터 비교과 스마트제조교육(산업용로봇교육) 동계 교육생 모집 안내,일반
2024학년도 동계방학 국립대학육성사업 융·복합 ICT 역량강화 교육(6차) 개강 홍보 협조 요청,일반
2024학년도 전기(`25.2.25.) 유예(수료 및 학사학위취득) 신청 안내,학사
2024학년도 전기(`25.2.25.) 조기(수료)졸업 신청 안내,일반
박상범 KBS창원방송총국장 초청특강 개최 안내,일반
2024년 인권영화제 안내 및 인권페스티벌 등 행사 포스터 배부 협조 요청,행사
글로컬대학 GNU-Glow Camp(성장캠프) 홍보 및 참여 협조 요청,일반
2025학년도 전과 시행 계획 안내,일반
「2024학년도 교육수요자 만족도 조사」참여 협조 요청,일반
2024학년도 2학기 개척학기제 최종결과보고서 제출 및 평가 관련 안내,일반
GNU 레터링 조형물 제막식 안내,일반
2024년 국가근로장학사업「동계방학 대체근로」신청 안내,장학
제3회 2025 DINO Start Lab Camp 참가학생 모집 안내,일반
[국립대학육성사업]2024학년도 GNU인성 교육 프로그램(4차) 운영 안내,일반
국립창원대 'CODEHOWS(코드하우스)' 코딩아카데미 재학생 및 USG참여대학 특화과정(2차) 교육생 모집 안내,일반
[국립대학육성사업]GNU-SDGs「지역사회와 동행하는 지속가능한 에코카페」홍보 요청,일반
2024년 GNU 인권문화페스티벌 행사 참석 안내,행사
2024년도 교육시설 이용자 만족도 조사 실시,일반
[국립대학육성사업] 2024학년도 GP-개척리더(동계) 프로그램 추가모집 안내,일반
2024년 학생연구자 연구환경 실태조사 실시 안내,일반
[엘라인] 2025 전국 대학생 대상 자작 미래자동차 경진대회 개최 안내,일반
2024년 국토안전관리원과 함께하는 동계 「KALIS 직무이해캠프」참가자 모집,일반
2024학년도 교육수요자 만족도 조사 설문 실시 안내,일반
2024년 BGF리테일 동계 채용형 인턴 채용상담회 안내,취업
2024학년도 제33회 소프트웨어 전시회,일반
[국립대학육성사업]도서관과 지역서점 연계 행사 안내 및 홍보 협조 요청,행사
2024학년도 2학기 강의평가 안내,일반
스마트공동체사업단 알쓸신잡(Job) 취업캠프 시즌4 운영 안내,일반
2024학년도 2학기 디지털리터러시 콘텐츠 비교과 프로그램 수강 안내,학사
2024학년도「USG공유대학 동계 Apple 개발자과정」운영 안내,일반
2024학년도 2학기 역량활동장학금 신청 안내_수정,장학
2025년도 (재)운해장학재단 제12기 운해장학생 추천 안내,장학
2025년도 한국지도자육성장학재단 장학생 추천 요청,장학
[대학원혁신사업] 2024년 대학(원)생 인권특강 실시 안내,일반
2024 모두가 함께하는 직장 내 장애인 인식개선 문화체험형 교육  '일 더하기 우리' 콘서트 참석 안내,일반
2024학년도 2학기 국가근로장학사업 동계방학 중 중도포기자 명단 제출 안내,장학
「2025학년도 1학기 개척학기제」 신청자 모집 안내,일반
[빅데이터 혁신융합대학사업단] 2025 겨울 한동대학교 빅데이터 캠프 홍보 협조 요청,학사
2024년 물리흡착&수은 압입 분석법 쉽게 배우기 세미나 안내,일반
USG 메타버스 체험관 학과별 체험행사 및 콘텐츠 체험 수기 공모전 안내,행사
2025년 진주시 겨울방학 대학생 행정인턴사업 참여자 모집 홍보 안내,취업
"2024 IoT 소프트웨어 역량 제고, 기업기술탐방 프로그램 참가자 모집",일반
[국립대학육성사업]2024학년도 교양교육과정 개발 및 체계구축을 위한 교양교육 만족도 및 요구사항 조사(학생용) 협조 요청,일반
2024학년도 국립대학육성사업 융·복합 ICT 활용 공모전 참여 협조 안내,일반
[빅데이터혁신융합대학사업단] 2024학년도 배재대학교 실감미디어 혁신융합대학사업단 동계 계절학기 교류수학 안내,학사
[국립대학육성사업-지역대학 인권의식 프로그램]_2024년 경상국립대학교 인권·성평등 공모전 안내 및 홍보 협조 요청,일반
2024학년도 제1기 GNU 인권서포터즈단 신청 안내,일반
2025년도 관정이종환교육재단 장학생 신청 안내,장학
2024학년도 컴퓨터공학과 OPEN LAB 행사 안내(12/11),행사
[국립대학육성사업] 2024학년도 GP-개척리더(동계) 프로그램 모집연장 안내,일반
2024학년도 동계 계절학기 현장실습학기제 실습생 모집 협조,일반
2025년도 1학기 국가장학금 1차 신청 안내 및 홍보 협조 요청,장학
2025학년도 1학기 1차 국가근로장학금 학생 신청기간 안내,장학
가을밤 이야기가 흐르는 다정한 북토크 _돌보는 것에 대하여_ 개최 안내,일반
[국립대학육성사업]GNU-SDGs 서포터즈‘농구게임 분리수거 캠페인’운영 안내 및 홍보요청,일반
2024학년도 국가근로장학금「동계방학 집중근로(교외)」신청 안내(수정),장학
도서관 이용자 만족도 조사 참여 안내,일반
[국립대학육성사업] Global Pioneer[중국창업교육] 프로그램 참가자 모집 공고,일반
교육혁신처 스튜디오 활용 안내,일반
2024학년도「USG공유대학 겨울 영어캠프」운영 및 신청 안내,일반
AI 활용 온라인 비교과 교육 프로그램 운영 안내,일반
[단국대 반도체소부장혁신융합대학사업단] 단국대학교 2024학년도 동계 계절학기 학점교류 교과목 신청 안내,학사
2025학년도 1학기 재입학 시행 계획 안내,일반
'24학년도 동계방학 특별개관 학생생활관칠암제2분관 관생 모집,일반
2024학년도 2차「대학-지역 동반성장 기획 프로젝트」교육생 모집 안내,일반
2024학년도 USG공유대학 제5기 생성형 AI 활용 직무역량강화 프로그램 신청 안내,일반
「2024 동남권 (예비)창업기업 창업역량강화 교육」홍보 협조 요청,일반
글로컬대학사업 홍보 부스 운영 안내,학사
졸업자격인증제 인증 신청 서류 제출 안내(2024.12월),일반
2024년 신입생(1학년) 창의·리더십 캠프 신청 안내,일반
2024학년도 IT공과대학 취·창업 동아리 결과보고서 제출 및 활동보고회 실시 안내,일반
2024년 하반기 학내구성원(대학원생 및 학부생) 장애인식개선 온라인(ZOOM)교육 이수 안내,일반
[글로컬사업] '우주항공과 사람을 잇는 컨퍼런스 쇼 - 스페이스 인' 방송 안내 및 홍보 협조 요청,일반
2024 동남권 대학생 창업경진대회 홍보 요청(연장),일반
2024년 경남글로벌통합포럼(GGIF) 참석 및 홍보 협조 요청,일반
2024학년도 경남대학교 동계 계절학기 학점 교류 수학 안내,일반
「2024 제2차 USG공유대학 직무박람회」장소 변경에 따른 홍보 협조 재요청,일반
◈ NHN 아카데미 중급실무과정 (동계) 모집 및 설명회 안내 ◈,일반
2024년「제30기(동계) 대학생 재능봉사 캠프 사업」멘토 모집,일반
2024학년도 동계 AI·빅데이터 ICC 글로벌 캡스톤디자인 참가팀 모집 안내,일반
2024학년도 IT공과대학 취·창업 활성화를 위한 응시료 지원 신청서 제출 안내(2차),일반
탄소중립 포인트제 일정 및 한도 변경에 따른 재안내 및 홍보 협조 요청,일반
2024학년도 신기술 기반 핵심역량 강화 프로그램 2차 교육생 모집 안내,일반
경남대학교 스마트제조ICT사업단 2024 하반기 스마트제조ICT취업역량강화캠프 참가자 모집 안내,일반
「2024 제2차 USG공유대학 직무박람회」개최 안내 및 홍보 협조 요청,일반
(취업지원) 2024학년도 2학기 외국인 유학생을 위한 원데이 진로·취업 올인원 특강 홍보 협조 요청,일반
2024년 경남국제개발협력센터 KOICA WFK 해외봉사단 3차 설명회 홍보 협조 요청,일반
2024학년도 2학기 교내 희망사다리장학생 추천 요청,장학
2024년 연구윤리 교육 이수 독려 안내,일반
2024학년도「4차 GNU_The GeNiUs 캠프(비합숙형)」교육생 모집 안내,일반
2024 학내구성원(대학원생 및 학부생) 장애인식개선 온라인(ZOOM)교육 안내 및 독려 협조 요청,일반
2024 동남권 대학생 창업경진대회 홍보 요청,일반
[빅데이터혁신융합대학사업단] 2024 마이크로디그리 데이 행사 개최 홍보 및 공결 협조 요청,학사
2024학년도 우수신입생 창의·리더십 캠프 신청 안내,일반
"「경남 방위산업, 글로벌 경쟁력 강화와 도전 과제」 세미나 개최 및 참가 안내",일반
2024년 입학전형 개선 연구 재학생 설문조사 협조 요청,일반
2024학년도 재학생 동계방학 해외파견 영어연수 연수생 선발 공고,일반
2025년 교내근로→국가근로 전환 예고에 따른 국가장학금 1차 신청 안내,장학
2024학년도 국립한국해양대학교 겨울계절학기 학점 교류 수학 안내,일반
진로취업지원실(대학일자리플러스센터) 11월 진로취업 소식지 발송,일반
2024학년도 2학기 강의개선을 위한 「중간 강의 의견수렴」 연장 안내,일반
제5회 국립대학 육성사업 영상 콘텐츠 공모전 홍보 협조 요청,일반
[반도체소부장혁신융합대학사업단]ASML 반도체 전문가 초청 특강 홍보 협조 요청,학사
국립창원대 원전에너지 11월 기업 연구소 전문가 세미나 운영 안내,일반
국립창원대 비교과 스마트제조교육(시험평가 측정 이론 및 현장실습 교육) 학생 모집 안내,일반
[빅데이터 혁신융합대학] 2024학년도 숙명여자대학교 동계 계절학기 학점교류 안내,일반
2024학년도 신입생 「진로탐색검사」실시 안내,일반
2024학년도 울산대학교 겨울 계절수업 학점 교류 수학 안내,일반
2024학년도 경북대학교 겨울계절수업 학점 교류 수학 안내,일반
2024학년도 2학기 외국인 유학생 문화체험 개최 안내 및 협조 요청,일반
[인권센터]「2024 경상남도 인권작품 공모전」홍보 협조 요청,일반
★ SW경진대회 및 전시회 개최안내 ★,일반
2024학년도 USG공유대학 제6기 외국어 콘텐츠(리얼클래스) 프로그램 수강 안내,학사
스마트공동체사업단 「창업교과목 연계 아이디어톤 경진대회」 프로그램 참여학생 모집 연장 안내,일반
[국립대학육성사업]「2024 지속가능한 진주 SDGs 페스티벌」 안내 및 홍보 협조 요청,일반
2024학년도 전남대학교 동계 계절학기 학점 교류 수학 안내,일반
2024학년도 부산대학교 겨울계절수업 학점 교류 수학 안내,일반
★ 비교과 역량강화프로그램-2024 국제게임전시회 지스타 현장체험 신청 안내 ★,일반
[대학원혁신지원사업]중앙도서관 대학원생 열람실 조성공사 시행 알림,일반
2024학년도 강원대학교 겨울 계절수업 학점 교류 수학 안내,일반
2025학년도 전기 교육대학원 신입생 모집 안내,일반
2024학년도 2학기 외부시험 성적인정 신청 안내,일반
2024학년도 2학기 예비교원 대상 성인지 교육 실시 안내,일반
2024년도 안전문화 캠페인 실시 및 참여 안내,일반
교육부 2024 산학연협력 EXPO 개최 안내,일반
2024 겨울 GNU 영어캠프 보조교사 모집 안내 및 홍보 협조 요청,일반
2024학년도 제주대학교 동기 계절수업 학점 교류 수학 안내,일반
2024학년도 경성대학교 동계 계절수업 학점 교류 수학 안내,일반
2024학년도 국립대학육성사업 융·복합 ICT 역량강화 특강 홍보 협조 요청,일반
2024학년도 충남대학교 동기 계절학기 학점 교류 수학 안내,일반
2024학년도 국립순천대학교 동계 계절학기 학점 교류 수학 안내,일반
2024학년도 제5차 외국어강좌 안내 및 홍보 협조,일반
2024학년도 동국대학교 서울캠퍼스 겨울계절학기 학점 교류 수학 안내,일반
도서관 야외 책마당 행사 안내 및 홍보 협조 요청(변경),행사
[필독]2024년도 2학기 연구활동종사자 안전교육 실시 (~11.20 연장),일반
스마트공동체사업단-중소벤처기업진흥공단「책드림(DREAM) 캠페인」도서지원 대상자 추가 모집 안내,일반
2024년도 국립부경대학교 동계 계절수업 학점 교류 수학 안내,일반
2025년도 두산연강재단 장학생 선발 안내,장학
온라인 공직 멘토링(10.23.~24.) 홍보 협조,일반
2024학년도 동서대학교 동계 계절학기 학점 교류 수학 안내,일반
제10회 창의·융합 3D프린팅 아이디어 경진대회 개최 알림,일반
진주시 탄소중립포인트제 홍보 및 가입 독려 협조 요청,일반
스마트공동체사업단 「창업교과목 연계 아이디어톤 경진대회」 프로그램 참여학생 모집 안내,일반
2025학년도 전기 보건대학원 신입생 모집 안내,일반
2024학년도 전북대학교 동기 계절수업 학점 교류 수학 안내,일반
2024학년도 2학기 국립대학육성사업 융·복합 ICT 역량강화 교육(5차) 개강 홍보 협조 요청,일반
2024년 11월 박물관 자원봉사자 모집 안내,일반
2024학년도 국립창원대학교 동기 계절수업 학점 교류 수학 안내,일반
[반도체소부장혁신융합대학사업단]Texas A&M 대학교 교수 초청 특강 홍보 협조 요청,학사
2024학년도 2학기 강의개선을 위한「중간 강의 의견수렴」안내,일반
[대학원혁신사업] 2024년 하반기 성폭력 예방 공동 캠페인 개최 안내,일반
ai 융합인재교육연구단 10월 행사 안내,행사
2024 탄소중립 ICC VISION TRIP 2회차 시행 안내,일반
2024학년도 동기 계절수업 충북대학교 학점 교류 수학 안내,일반
2024년 지역NGO와 함께하는 세계 식량의 날 기념 제로헝거런 챌린지 안내,일반
[서울대학교 혁신융합대학사업] 2024학년도 서울대학교 빅데이터 혁신융합대학 사업단 동계 계절학기 교류수학 안내,학사
제6회 Dream-Hi 창업캠프 모집 홍보 요청,일반
2024학년도 학생 주도 UCC 기획 공모전 참여 협조 안내,일반
2024 SEA SCOUT Start-Up 프로그램 홍보 요청,일반
스마트공동체사업단 「현직자 직무부트캠프」 모집 안내,일반
2025학년도 진로·취업 의식 및 프로그램 수요조사 협조 요청,일반
[서울대학교 혁신융합대학사업] 2024학년도 서울대학교 동계 계절학기 교류수학 안내,학사
2024학년도 서울대학교 동계 계절수업 학점 교류 수학 안내,일반
[삼성청년SW아카데미 모집] 13기 교육생 모집홍보 협조 요청,일반
2024학년도 경남 혈액원 헌혈 홍보 요청,일반
2024학년도 2학기 국제화장학금 신청 안내[~10/31(목)],장학
[빅데이터 혁신융합대학] 2024년 동계 빅데이터 캠프 참여학생 모집 및 홍보 요청,일반
진로취업지원실(대학일자리플러스센터) 10월 진로취업 소식지 발송,일반
건강생활실천 캠페인 이용 안내,일반
2024학년도 2학기 GNU ICEE 캡스톤디자인(교과목) 지원 재안내,일반
2024년「제19회 공중화장실 혁신 아이디어 공모전」알림,일반
GNU IP EXPO 안내 및 홍보 협조 요청,일반
박물관(칠암 진농관) 관람시간 변경 안내,일반
2025학년도 1학기 중국 파견 교환학생 선발 공고,일반
[교직] 2024학년도 2학기 2~5차 응급처치 및 심폐소생술 교육 안내,일반
[반도체소부장혁신융합대학사업단]2024학년도 반도체 전문가 초청 특강(10월) 홍보 협조 요청,학사
[LINC 3.0 사업단] 2024 링크루트(LINC 3.0 Recruit) 참여 안내,일반
AI활용 교육 및 VR 콘텐츠 개발 수요조사 안내 및 참여 협조 요청,일반
2024학년도 제3차 외국인 유학생 조기적응프로그램 신청 안내,일반
도서관 '개척청년 비전특강' 신청 연장에 따른 재안내 및 홍보 협조 요청,일반
(종료)2024학년도 2학기 디자인 플랫폼 미리캔버스 사용 신청 안내,일반
2024 규제혁신 홍보영상 공모전 홍보 협조 요청,일반
[우주항공대학] 글로컬대학사업 '스페이스인' 강연 안내 및 홍보 협조 요청,학사
연구성과경진대회 1차 참가 학생 설문지 제출 안내,일반
2024년 (재)경상국립대학교 발전기금재단(목원장학기금_교직원 자녀) 장학금 신청 안내,장학
2024학년도 2학기 수강신청확인원 제출 안내,학사
